Date,Close
9/1/2015,"1,142.3"
9/2/2015,"1,137.8"
9/3/2015,"1,128.0"
9/4/2015,"1,118.3"
9/7/2015,"1,119.5"
9/8/2015,"1,121.2"
9/9/2015,"1,109.9"
9/10/2015,"1,109.5"
9/11/2015,"1,100.3"
9/14/2015,"1,104.8"
9/15/2015,"1,106.0"
9/16/2015,"1,117.6"
9/17/2015,"1,117.5"
9/18/2015,"1,141.5"
9/21/2015,"1,133.3"
9/22/2015,"1,122.9"
9/23/2015,"1,131.4"
9/24/2015,"1,154.5"
9/25/2015,"1,146.7"
9/28/2015,"1,131.1"
9/29/2015,"1,132.1"
9/30/2015,"1,114.0"
10/1/2015,"1,119.0"
10/2/2015,"1,140.8"
10/5/2015,"1,139.8"
10/6/2015,"1,147.5"
10/7/2015,"1,144.6"
10/8/2015,"1,140.0"
10/9/2015,"1,151.6"
10/12/2015,"1,164.9"
10/13/2015,"1,165.2"
10/14/2015,"1,173.9"
10/15/2015,"1,184.3"
10/16/2015,"1,180.9"
10/19/2015,"1,175.4"
10/20/2015,"1,177.8"
10/21/2015,"1,167.1"
10/22/2015,"1,167.0"
10/23/2015,"1,161.3"
10/26/2015,"1,166.4"
10/27/2015,"1,165.7"
10/28/2015,"1,179.6"
10/29/2015,"1,148.6"
10/30/2015,"1,142.4"
11/2/2015,"1,134.0"
11/3/2015,"1,123.1"
11/4/2015,"1,114.7"
11/5/2015,"1,106.3"
11/6/2015,"1,088.9"
11/9/2015,"1,089.6"
11/10/2015,"1,087.1"
11/11/2015,"1,085.9"
11/12/2015,"1,087.4"
11/13/2015,"1,081.5"
11/16/2015,"1,084.8"
11/17/2015,"1,079.2"
11/18/2015,"1,067.8"
11/19/2015,"1,082.6"
11/20/2015,"1,081.8"
11/23/2015,"1,070.5"
11/24/2015,"1,076.4"
11/25/2015,"1,068.0"
11/26/2015,"1,071.0"
11/27/2015,"1,057.4"
11/30/2015,"1,061.9"
12/1/2015,"1,065.4"
12/2/2015,"1,055.4"
12/3/2015,"1,055.5"
12/4/2015,"1,079.3"
12/7/2015,"1,075.8"
12/8/2015,"1,072.1"
12/9/2015,"1,081.0"
12/10/2015,"1,071.0"
12/11/2015,"1,072.5"
12/14/2015,"1,068.3"
12/15/2015,"1,061.5"
12/16/2015,"1,075.3"
12/17/2015,"1,049.4"
12/18/2015,"1,062.5"
12/21/2015,"1,078.8"
12/22/2015,"1,074.9"
12/23/2015,"1,068.3"
12/24/2015,"1,068.3"
12/25/2015,"1,068.3"
12/28/2015,"1,068.3"
12/29/2015,"1,070.1"
12/30/2015,"1,060.0"
12/31/2015,"1,060.0"
1/1/2016,"1,060.0"
1/4/2016,"1,082.3"
1/5/2016,"1,077.0"
1/6/2016,"1,091.4"
1/7/2016,"1,106.4"
1/8/2016,"1,101.9"
1/11/2016,"1,100.8"
1/12/2016,"1,085.4"
1/13/2016,"1,088.2"
1/14/2016,"1,088.4"
1/15/2016,"1,093.8"
1/18/2016,"1,089.2"
1/19/2016,"1,086.3"
1/20/2016,"1,101.8"
1/21/2016,"1,096.5"
1/22/2016,"1,096.3"
1/25/2016,"1,106.6"
1/26/2016,"1,113.6"
1/27/2016,"1,116.3"
1/28/2016,"1,114.0"
1/29/2016,"1,111.8"
2/1/2016,"1,126.5"
2/2/2016,"1,128.5"
2/3/2016,"1,132.0"
2/4/2016,"1,156.4"
2/5/2016,"1,150.4"
2/8/2016,"1,193.3"
2/9/2016,"1,191.0"
2/10/2016,"1,190.0"
2/11/2016,"1,241.0"
2/12/2016,"1,239.8"
2/15/2016,"1,208.2"
2/16/2016,"1,209.5"
2/17/2016,"1,210.0"
2/18/2016,"1,210.1"
2/19/2016,"1,231.2"
2/22/2016,"1,211.0"
2/23/2016,"1,221.4"
2/24/2016,"1,250.8"
2/25/2016,"1,236.0"
2/26/2016,"1,226.5"
2/29/2016,"1,234.9"
3/1/2016,"1,236.5"
3/2/2016,"1,239.2"
3/3/2016,"1,250.3"
3/4/2016,"1,277.5"
3/7/2016,"1,267.9"
3/8/2016,"1,267.0"
3/9/2016,"1,246.4"
3/10/2016,"1,266.5"
3/11/2016,"1,264.8"
3/14/2016,"1,242.8"
3/15/2016,"1,232.0"
3/16/2016,"1,228.5"
3/17/2016,"1,266.5"
3/18/2016,"1,252.1"
3/21/2016,"1,244.9"
3/22/2016,"1,252.5"
3/23/2016,"1,217.6"
3/24/2016,"1,221.0"
3/25/2016,"1,221.0"
3/28/2016,"1,221.0"
3/29/2016,"1,226.0"
3/30/2016,"1,236.3"
3/31/2016,"1,237.0"
4/1/2016,"1,213.6"
4/4/2016,"1,219.8"
4/5/2016,"1,231.3"
4/6/2016,"1,221.4"
4/7/2016,"1,242.1"
4/8/2016,"1,239.5"
4/11/2016,"1,254.8"
4/12/2016,"1,254.6"
4/13/2016,"1,245.8"
4/14/2016,"1,233.9"
4/15/2016,"1,227.1"
4/18/2016,"1,234.3"
4/19/2016,"1,255.4"
4/20/2016,"1,252.0"
4/21/2016,"1,249.3"
4/22/2016,"1,243.3"
4/25/2016,"1,238.9"
4/26/2016,"1,241.7"
4/27/2016,"1,247.4"
4/28/2016,"1,256.0"
4/29/2016,"1,285.7"
5/2/2016,"1,285.7"
5/3/2016,"1,294.0"
5/4/2016,"1,283.0"
5/5/2016,"1,280.3"
5/6/2016,"1,289.0"
5/9/2016,"1,265.3"
5/10/2016,"1,262.8"
5/11/2016,"1,276.9"
5/12/2016,"1,279.3"
5/13/2016,"1,265.9"
5/16/2016,"1,285.8"
5/17/2016,"1,277.0"
5/18/2016,"1,272.9"
5/19/2016,"1,246.3"
5/20/2016,"1,254.2"
5/23/2016,"1,245.9"
5/24/2016,"1,236.9"
5/25/2016,"1,220.6"
5/26/2016,"1,223.9"
5/27/2016,"1,216.3"
5/30/2016,"1,216.3"
5/31/2016,"1,212.1"
6/1/2016,"1,214.5"
6/2/2016,"1,212.4"
6/3/2016,"1,240.5"
6/6/2016,"1,244.0"
6/7/2016,"1,241.0"
6/8/2016,"1,263.0"
6/9/2016,"1,263.9"
6/10/2016,"1,275.5"
6/13/2016,"1,280.8"
6/14/2016,"1,287.2"
6/15/2016,"1,283.3"
6/16/2016,"1,310.8"
6/17/2016,"1,290.7"
6/20/2016,"1,281.8"
6/21/2016,"1,272.6"
6/22/2016,"1,264.9"
6/23/2016,"1,262.2"
6/24/2016,"1,315.5"
6/27/2016,"1,324.6"
6/28/2016,"1,309.7"
6/29/2016,"1,321.5"
6/30/2016,"1,320.8"
7/1/2016,"1,340.0"
7/4/2016,"1,350.8"
7/5/2016,"1,350.8"
7/6/2016,"1,366.3"
7/7/2016,"1,356.7"
7/8/2016,"1,354.3"
7/11/2016,"1,357.1"
7/12/2016,"1,342.4"
7/13/2016,"1,342.8"
7/14/2016,"1,323.6"
7/15/2016,"1,327.0"
7/18/2016,"1,334.7"
7/19/2016,"1,330.9"
7/20/2016,"1,315.9"
7/21/2016,"1,321.2"
7/22/2016,"1,320.8"
7/25/2016,"1,313.2"
7/26/2016,"1,323.0"
7/27/2016,"1,329.0"
7/28/2016,"1,341.8"
7/29/2016,"1,342.0"
8/1/2016,"1,349.7"
8/2/2016,"1,363.8"
8/3/2016,"1,358.9"
8/4/2016,"1,362.8"
8/5/2016,"1,340.4"
8/8/2016,"1,336.8"
8/9/2016,"1,341.0"
8/10/2016,"1,347.7"
8/11/2016,"1,355.0"
8/12/2016,"1,352.2"
8/15/2016,"1,339.4"
8/16/2016,"1,344.0"
8/17/2016,"1,343.4"
8/18/2016,"1,350.1"
8/19/2016,"1,346.4"
8/22/2016,"1,335.9"
8/23/2016,"1,342.0"
8/24/2016,"1,327.3"
8/25/2016,"1,321.3"
8/26/2016,"1,318.8"
8/29/2016,"1,318.8"
8/30/2016,"1,318.2"
8/31/2016,"1,309.3"
9/1/2016,"1,309.5"
9/2/2016,"1,324.7"
9/5/2016,"1,326.4"
9/6/2016,"1,337.3"
9/7/2016,"1,348.4"
9/8/2016,"1,343.4"
9/9/2016,"1,330.9"
9/12/2016,"1,324.6"
9/13/2016,"1,323.7"
9/14/2016,"1,321.8"
9/15/2016,"1,310.8"
9/16/2016,"1,308.4"
9/19/2016,"1,314.9"
9/20/2016,"1,313.8"
9/21/2016,"1,326.1"
9/22/2016,"1,339.1"
9/23/2016,"1,338.7"
9/26/2016,"1,340.5"
9/27/2016,"1,327.0"
9/28/2016,"1,322.5"
9/29/2016,"1,318.1"
9/30/2016,"1,322.5"
10/3/2016,"1,313.3"
10/4/2016,"1,283.3"
10/5/2016,"1,269.4"
10/6/2016,"1,254.5"
10/7/2016,"1,258.8"
10/10/2016,"1,259.5"
10/11/2016,"1,253.5"
10/12/2016,"1,256.5"
10/13/2016,"1,261.1"
10/14/2016,"1,251.8"
10/17/2016,"1,254.8"
10/18/2016,"1,258.2"
10/19/2016,"1,269.1"
10/20/2016,"1,271.7"
10/21/2016,"1,266.1"
10/24/2016,"1,265.6"
10/25/2016,"1,269.4"
10/26/2016,"1,270.5"
10/27/2016,"1,266.3"
10/28/2016,"1,273.0"
10/31/2016,"1,272.0"
11/1/2016,"1,288.5"
11/2/2016,"1,303.8"
11/3/2016,"1,301.0"
11/4/2016,"1,302.8"
11/7/2016,"1,283.1"
11/8/2016,"1,282.4"
11/9/2016,"1,281.4"
11/10/2016,"1,267.5"
11/11/2016,"1,236.5"
11/14/2016,"1,213.6"
11/15/2016,"1,227.0"
11/16/2016,"1,229.2"
11/17/2016,"1,226.8"
11/18/2016,"1,211.0"
11/21/2016,"1,214.3"
11/22/2016,"1,212.3"
11/23/2016,"1,185.4"
11/24/2016,"1,186.1"
11/25/2016,"1,187.7"
11/28/2016,"1,187.0"
11/29/2016,"1,186.6"
11/30/2016,"1,178.1"
12/1/2016,"1,161.9"
12/2/2016,"1,173.5"
12/5/2016,"1,162.2"
12/6/2016,"1,172.5"
12/7/2016,"1,177.7"
12/8/2016,"1,171.1"
12/9/2016,"1,163.6"
12/12/2016,"1,156.1"
12/13/2016,"1,158.6"
12/14/2016,"1,162.3"
12/15/2016,"1,127.0"
12/16/2016,"1,131.6"
12/19/2016,"1,136.3"
12/20/2016,"1,125.7"
12/21/2016,"1,133.7"
12/22/2016,"1,131.4"
12/23/2016,"1,131.4"
12/26/2016,"1,131.4"
12/27/2016,"1,131.4"
12/28/2016,"1,134.6"
12/29/2016,"1,145.9"
12/30/2016,"1,145.9"
1/2/2017,"1,145.9"
1/3/2017,"1,151.0"
1/4/2017,"1,164.3"
1/5/2017,"1,176.7"
1/6/2017,"1,175.9"
1/9/2017,"1,178.5"
1/10/2017,"1,189.5"
1/11/2017,"1,178.6"
1/12/2017,"1,205.1"
1/13/2017,"1,190.4"
1/16/2017,"1,203.0"
1/17/2017,"1,216.1"
1/18/2017,"1,214.8"
1/19/2017,"1,196.1"
1/20/2017,"1,200.6"
1/23/2017,"1,212.9"
1/24/2017,"1,216.8"
1/25/2017,"1,195.0"
1/26/2017,"1,189.7"
1/27/2017,"1,184.9"
1/30/2017,"1,192.8"
1/31/2017,"1,212.8"
2/1/2017,"1,203.7"
2/2/2017,"1,222.0"
2/3/2017,"1,215.2"
2/6/2017,"1,226.8"
2/7/2017,"1,231.0"
2/8/2017,"1,242.1"
2/9/2017,"1,236.8"
2/10/2017,"1,228.3"
2/13/2017,"1,222.3"
2/14/2017,"1,230.8"
2/15/2017,"1,224.4"
2/16/2017,"1,240.6"
2/17/2017,"1,242.0"
2/20/2017,"1,237.3"
2/21/2017,"1,233.2"
2/22/2017,"1,236.7"
2/23/2017,"1,247.9"
2/24/2017,"1,253.7"
2/27/2017,"1,257.2"
2/28/2017,"1,255.6"
3/1/2017,"1,240.4"
3/2/2017,"1,238.1"
3/3/2017,"1,226.5"
3/6/2017,"1,231.0"
3/7/2017,"1,216.7"
3/8/2017,"1,209.2"
3/9/2017,"1,206.6"
3/10/2017,"1,202.7"
3/13/2017,"1,204.2"
3/14/2017,"1,204.6"
3/15/2017,"1,198.8"
3/16/2017,"1,229.4"
3/17/2017,"1,229.6"
3/20/2017,"1,232.4"
3/21/2017,"1,241.6"
3/22/2017,"1,249.1"
3/23/2017,"1,247.5"
3/24/2017,"1,247.5"
3/27/2017,"1,257.6"
3/28/2017,"1,257.3"
3/29/2017,"1,251.1"
3/30/2017,"1,248.8"
3/31/2017,"1,244.9"
4/3/2017,"1,247.3"
4/4/2017,"1,257.7"
4/5/2017,"1,245.8"
4/6/2017,"1,252.5"
4/7/2017,"1,266.5"
4/10/2017,"1,250.1"
4/11/2017,"1,252.9"
4/12/2017,"1,274.3"
4/13/2017,"1,284.2"
4/14/2017,"1,284.2"
4/17/2017,"1,284.2"
4/18/2017,"1,279.0"
4/19/2017,"1,279.1"
4/20/2017,"1,282.1"
4/21/2017,"1,281.9"
4/24/2017,"1,269.4"
4/25/2017,"1,267.8"
4/26/2017,"1,261.9"
4/27/2017,"1,262.8"
4/28/2017,"1,266.5"
5/1/2017,"1,266.5"
5/2/2017,"1,255.5"
5/3/2017,"1,250.3"
5/4/2017,"1,228.5"
5/5/2017,"1,228.1"
5/8/2017,"1,229.8"
5/9/2017,"1,220.4"
5/10/2017,"1,223.0"
5/11/2017,"1,223.2"
5/12/2017,"1,231.3"
5/15/2017,"1,233.3"
5/16/2017,"1,234.2"
5/17/2017,"1,257.4"
5/18/2017,"1,255.9"
5/19/2017,"1,252.0"
5/22/2017,"1,258.9"
5/23/2017,"1,260.2"
5/24/2017,"1,252.6"
5/25/2017,"1,257.0"
5/26/2017,"1,265.1"
5/29/2017,"1,265.1"
5/30/2017,"1,262.7"
5/31/2017,"1,266.2"
6/1/2017,"1,264.9"
6/2/2017,"1,275.0"
6/5/2017,"1,280.0"
6/6/2017,"1,293.5"
6/7/2017,"1,291.0"
6/8/2017,"1,273.1"
6/9/2017,"1,266.6"
6/12/2017,"1,266.4"
6/13/2017,"1,262.0"
6/14/2017,"1,275.5"
6/15/2017,"1,254.6"
6/16/2017,"1,255.4"
6/19/2017,"1,248.2"
6/20/2017,"1,242.2"
6/21/2017,"1,242.5"
6/22/2017,"1,250.8"
6/23/2017,"1,255.7"
6/26/2017,"1,245.3"
6/27/2017,"1,249.6"
6/28/2017,"1,248.0"
6/29/2017,"1,243.5"
6/30/2017,"1,242.3"
7/3/2017,"1,229.3"
7/4/2017,"1,223.8"
7/5/2017,"1,220.3"
7/6/2017,"1,224.9"
7/7/2017,"1,215.7"
7/10/2017,"1,211.9"
7/11/2017,"1,211.1"
7/12/2017,"1,218.8"
7/13/2017,"1,218.9"
7/14/2017,"1,230.3"
7/17/2017,"1,234.1"
7/18/2017,"1,240.8"
7/19/2017,"1,242.2"
7/20/2017,"1,238.7"
7/21/2017,"1,248.6"
7/24/2017,"1,255.6"
7/25/2017,"1,254.4"
7/26/2017,"1,248.1"
7/27/2017,"1,261.1"
7/28/2017,"1,264.9"
7/31/2017,"1,267.6"
8/1/2017,"1,271.0"
8/2/2017,"1,269.6"
8/3/2017,"1,268.1"
8/4/2017,"1,257.7"
8/7/2017,"1,258.0"
8/8/2017,"1,261.8"
8/9/2017,"1,271.1"
8/10/2017,"1,284.4"
8/11/2017,"1,286.1"
8/14/2017,"1,282.3"
8/15/2017,"1,270.3"
8/16/2017,"1,272.8"
8/17/2017,"1,285.2"
8/18/2017,"1,295.8"
8/21/2017,"1,292.9"
8/22/2017,"1,284.2"
8/23/2017,"1,286.7"
8/24/2017,"1,289.0"
8/25/2017,"1,285.3"
8/28/2017,"1,285.3"
8/29/2017,"1,318.7"
8/30/2017,"1,308.5"
8/31/2017,"1,311.8"
9/1/2017,"1,320.4"
9/4/2017,"1,333.1"
9/5/2017,"1,335.6"
9/6/2017,"1,337.9"
9/7/2017,"1,343.5"
9/8/2017,"1,346.3"
9/11/2017,"1,334.2"
9/12/2017,"1,326.5"
9/13/2017,"1,327.6"
9/14/2017,"1,324.6"
9/15/2017,"1,322.9"
9/18/2017,"1,312.1"
9/19/2017,"1,309.6"
9/20/2017,"1,311.3"
9/21/2017,"1,292.1"
9/22/2017,"1,294.8"
9/25/2017,"1,293.3"
9/26/2017,"1,300.1"
9/27/2017,"1,282.6"
9/28/2017,"1,283.4"
9/29/2017,"1,283.1"
10/2/2017,"1,273.7"
10/3/2017,"1,271.3"
10/4/2017,"1,274.3"
10/5/2017,"1,274.5"
10/6/2017,"1,261.8"
10/9/2017,"1,278.8"
10/10/2017,"1,291.4"
10/11/2017,"1,289.3"
10/12/2017,"1,290.3"
10/13/2017,"1,299.6"
10/16/2017,"1,303.3"
10/17/2017,"1,284.8"
10/18/2017,"1,280.2"
10/19/2017,"1,286.4"
10/20/2017,"1,281.2"
10/23/2017,"1,274.9"
10/24/2017,"1,276.5"
10/25/2017,"1,275.0"
10/26/2017,"1,273.8"
10/27/2017,"1,266.5"
10/30/2017,"1,272.0"
10/31/2017,"1,270.2"
11/1/2017,"1,277.1"
11/2/2017,"1,279.2"
11/3/2017,"1,267.2"
11/6/2017,"1,270.9"
11/7/2017,"1,275.6"
11/8/2017,"1,284.0"
11/9/2017,"1,284.8"
11/10/2017,"1,284.3"
11/13/2017,"1,278.0"
11/14/2017,"1,274.6"
11/15/2017,"1,282.2"
11/16/2017,"1,280.0"
11/17/2017,"1,284.4"
11/20/2017,"1,286.2"
11/21/2017,"1,283.3"
11/22/2017,"1,287.0"
11/23/2017,"1,290.4"
11/24/2017,"1,290.5"
11/27/2017,"1,294.9"
11/28/2017,"1,291.9"
11/29/2017,"1,283.9"
11/30/2017,"1,280.2"
12/1/2017,"1,275.5"
12/4/2017,"1,273.5"
12/5/2017,"1,266.3"
12/6/2017,"1,263.7"
12/7/2017,"1,255.0"
12/8/2017,"1,250.7"
12/11/2017,"1,247.2"
12/12/2017,"1,240.9"
12/13/2017,"1,242.7"
12/14/2017,"1,251.0"
12/15/2017,"1,254.6"
12/18/2017,"1,260.6"
12/19/2017,"1,260.4"
12/20/2017,"1,264.6"
12/21/2017,"1,264.6"
12/22/2017,"1,264.6"
12/25/2017,"1,264.6"
12/26/2017,"1,264.6"
12/27/2017,"1,279.4"
12/28/2017,"1,291.0"
12/29/2017,"1,291.0"
1/1/2018,"1,291.0"
1/2/2018,"1,312.1"
1/3/2018,"1,314.9"
1/4/2018,"1,314.5"
1/5/2018,"1,317.2"
1/8/2018,"1,320.0"
1/9/2018,"1,311.0"
1/10/2018,"1,319.8"
1/11/2018,"1,323.1"
1/12/2018,"1,326.8"
1/15/2018,"1,339.3"
1/16/2018,"1,333.9"
1/17/2018,"1,335.7"
1/18/2018,"1,332.2"
1/19/2018,"1,335.0"
1/22/2018,"1,332.6"
1/23/2018,"1,333.4"
1/24/2018,"1,353.7"
1/25/2018,"1,355.0"
1/26/2018,"1,353.2"
1/29/2018,"1,343.9"
1/30/2018,"1,344.9"
1/31/2018,"1,345.1"
2/1/2018,"1,341.4"
2/2/2018,"1,331.2"
2/5/2018,"1,333.6"
2/6/2018,"1,331.4"
2/7/2018,"1,324.7"
2/8/2018,"1,315.5"
2/9/2018,"1,314.1"
2/12/2018,"1,322.3"
2/13/2018,"1,325.4"
2/14/2018,"1,336.3"
2/15/2018,"1,352.5"
2/16/2018,"1,352.1"
2/19/2018,"1,346.6"
2/20/2018,"1,339.9"
2/21/2018,"1,330.5"
2/22/2018,"1,328.4"
2/23/2018,"1,328.0"
2/26/2018,"1,333.5"
2/27/2018,"1,325.8"
2/28/2018,"1,317.9"
3/1/2018,"1,307.8"
3/2/2018,"1,322.3"
3/5/2018,"1,320.4"
3/6/2018,"1,331.4"
3/7/2018,"1,329.4"
3/8/2018,"1,321.0"
3/9/2018,"1,320.6"
3/12/2018,"1,319.2"
3/13/2018,"1,322.8"
3/14/2018,"1,323.6"
3/15/2018,"1,318.8"
3/16/2018,"1,310.1"
3/19/2018,"1,312.4"
3/20/2018,"1,311.0"
3/21/2018,"1,321.4"
3/22/2018,"1,329.2"
3/23/2018,"1,346.6"
3/26/2018,"1,352.4"
3/27/2018,"1,341.5"
3/28/2018,"1,332.5"
3/29/2018,"1,323.9"
3/30/2018,"1,323.9"
4/2/2018,"1,323.9"
4/3/2018,"1,333.5"
4/4/2018,"1,337.3"
4/5/2018,"1,327.7"
4/6/2018,"1,331.2"
4/9/2018,"1,332.0"
4/10/2018,"1,339.0"
4/11/2018,"1,350.8"
4/12/2018,"1,341.4"
4/13/2018,"1,343.7"
4/16/2018,"1,349.4"
4/17/2018,"1,342.1"
4/18/2018,"1,351.5"
4/19/2018,"1,348.6"
4/20/2018,"1,336.8"
4/23/2018,"1,324.3"
4/24/2018,"1,328.9"
4/25/2018,"1,321.7"
4/26/2018,"1,320.7"
4/27/2018,"1,321.5"
4/30/2018,"1,313.2"
5/1/2018,"1,307.1"
5/2/2018,"1,304.2"
5/3/2018,"1,315.1"
5/4/2018,"1,309.4"
5/7/2018,"1,309.4"
5/8/2018,"1,306.6"
5/9/2018,"1,313.9"
5/10/2018,"1,318.8"
5/11/2018,"1,324.4"
5/14/2018,"1,319.9"
5/15/2018,"1,295.0"
5/16/2018,"1,291.3"
5/17/2018,"1,289.5"
5/18/2018,"1,288.3"
5/21/2018,"1,288.4"
5/22/2018,"1,293.1"
5/23/2018,"1,289.0"
5/24/2018,"1,304.9"
5/25/2018,"1,303.5"
5/28/2018,"1,303.5"
5/29/2018,"1,295.5"
5/30/2018,"1,300.7"
5/31/2018,"1,305.4"
6/1/2018,"1,294.6"
6/4/2018,"1,295.5"
6/5/2018,"1,292.1"
6/6/2018,"1,300.1"
6/7/2018,"1,297.3"
6/8/2018,"1,298.3"
6/11/2018,"1,299.6"
6/12/2018,"1,298.7"
6/13/2018,"1,296.2"
6/14/2018,"1,302.8"
6/15/2018,"1,285.3"
6/18/2018,"1,281.6"
6/19/2018,"1,276.2"
6/20/2018,"1,274.2"
6/21/2018,"1,266.2"
6/22/2018,"1,269.2"
6/25/2018,"1,268.7"
6/26/2018,"1,260.3"
6/27/2018,"1,254.6"
6/28/2018,"1,251.6"
6/29/2018,"1,250.5"
7/2/2018,"1,247.8"
7/3/2018,"1,251.8"
7/4/2018,"1,255.7"
7/5/2018,"1,255.5"
7/6/2018,"1,255.4"
7/9/2018,"1,262.1"
7/10/2018,"1,254.0"
7/11/2018,"1,251.4"
7/12/2018,"1,245.9"
7/13/2018,"1,241.7"
7/16/2018,"1,241.1"
7/17/2018,"1,232.8"
7/18/2018,"1,224.5"
7/19/2018,"1,217.6"
7/20/2018,"1,228.8"
7/23/2018,"1,225.0"
7/24/2018,"1,228.4"
7/25/2018,"1,231.5"
7/26/2018,"1,228.3"
7/27/2018,"1,224.0"
7/30/2018,"1,223.8"
7/31/2018,"1,221.0"
8/1/2018,"1,219.0"
8/2/2018,"1,215.5"
8/3/2018,"1,216.3"
8/6/2018,"1,209.7"
8/7/2018,"1,212.4"
8/8/2018,"1,209.6"
8/9/2018,"1,214.4"
8/10/2018,"1,214.4"
8/13/2018,"1,200.4"
8/14/2018,"1,197.0"
8/15/2018,"1,182.0"
8/16/2018,"1,180.4"
8/17/2018,"1,178.4"
8/20/2018,"1,184.4"
8/21/2018,"1,191.0"
8/22/2018,"1,196.7"
8/23/2018,"1,192.4"
8/24/2018,"1,197.7"
8/27/2018,"1,197.7"
8/28/2018,"1,212.3"
8/29/2018,"1,204.2"
8/30/2018,"1,197.3"
8/31/2018,"1,202.5"
9/3/2018,"1,200.1"
9/4/2018,"1,190.9"
9/5/2018,"1,196.7"
9/6/2018,"1,205.2"
9/7/2018,"1,198.9"
9/10/2018,"1,196.6"
9/11/2018,"1,189.9"
9/12/2018,"1,195.6"
9/13/2018,"1,209.8"
9/14/2018,"1,202.0"
9/17/2018,"1,201.9"
9/18/2018,"1,200.2"
9/19/2018,"1,203.3"
9/20/2018,"1,208.4"
9/21/2018,"1,198.7"
9/24/2018,"1,202.8"
9/25/2018,"1,201.9"
9/26/2018,"1,194.3"
9/27/2018,"1,185.4"
9/28/2018,"1,187.3"
10/1/2018,"1,189.4"
10/2/2018,"1,204.7"
10/3/2018,"1,201.2"
10/4/2018,"1,203.5"
10/5/2018,"1,203.8"
10/8/2018,"1,187.0"
10/9/2018,"1,185.6"
10/10/2018,"1,188.6"
10/11/2018,"1,205.6"
10/12/2018,"1,219.8"
10/15/2018,"1,230.0"
10/16/2018,"1,230.7"
10/17/2018,"1,229.1"
10/18/2018,"1,223.0"
10/19/2018,"1,227.9"
10/22/2018,"1,222.3"
10/23/2018,"1,236.0"
10/24/2018,"1,230.6"
10/25/2018,"1,230.8"
10/26/2018,"1,233.9"
10/29/2018,"1,230.8"
10/30/2018,"1,225.4"
10/31/2018,"1,215.0"
11/1/2018,"1,231.2"
11/2/2018,"1,232.1"
11/5/2018,"1,232.3"
11/6/2018,"1,231.6"
11/7/2018,"1,230.0"
11/8/2018,"1,224.2"
11/9/2018,"1,211.4"
11/12/2018,"1,205.6"
11/13/2018,"1,202.1"
11/14/2018,"1,203.3"
11/15/2018,"1,211.9"
11/16/2018,"1,222.4"
11/19/2018,"1,221.6"
11/20/2018,"1,223.0"
11/21/2018,"1,226.1"
11/22/2018,"1,227.1"
11/23/2018,"1,223.7"
11/26/2018,"1,223.4"
11/27/2018,"1,221.2"
11/28/2018,"1,213.3"
11/29/2018,"1,226.3"
11/30/2018,"1,217.6"
12/3/2018,"1,230.3"
12/4/2018,"1,240.3"
12/5/2018,"1,235.9"
12/6/2018,"1,242.6"
12/7/2018,"1,243.3"
12/10/2018,"1,245.4"
12/11/2018,"1,245.3"
12/12/2018,"1,245.8"
12/13/2018,"1,242.8"
12/14/2018,"1,235.4"
12/17/2018,"1,241.7"
12/18/2018,"1,246.3"
12/19/2018,"1,255.0"
12/20/2018,"1,259.8"
12/21/2018,"1,258.2"
12/24/2018,"1,258.2"
12/25/2018,"1,258.2"
12/26/2018,"1,258.2"
12/27/2018,"1,268.0"
12/28/2018,"1,279.0"
12/31/2018,"1,279.0"
1/1/2019,"1,279.0"
1/2/2019,"1,282.9"
1/3/2019,"1,290.5"
1/4/2019,"1,279.9"
1/7/2019,"1,292.2"
1/8/2019,"1,286.5"
1/9/2019,"1,288.6"
1/10/2019,"1,291.9"
1/11/2019,"1,289.0"
1/14/2019,"1,292.8"
1/15/2019,"1,294.4"
1/16/2019,"1,292.3"
1/17/2019,"1,290.7"
1/18/2019,"1,284.2"
1/21/2019,"1,279.6"
1/22/2019,"1,282.1"
1/23/2019,"1,279.8"
1/24/2019,"1,283.7"
1/25/2019,"1,293.9"
1/28/2019,"1,302.2"
1/29/2019,"1,307.6"
1/30/2019,"1,310.7"
1/31/2019,"1,323.3"
2/1/2019,"1,318.7"
2/4/2019,"1,312.2"
2/5/2019,"1,314.2"
2/6/2019,"1,312.4"
2/7/2019,"1,310.0"
2/8/2019,"1,314.9"
2/11/2019,"1,306.4"
2/12/2019,"1,310.0"
2/13/2019,"1,312.8"
2/14/2019,"1,311.5"
2/15/2019,"1,316.6"
2/18/2019,"1,325.5"
2/19/2019,"1,334.2"
2/20/2019,"1,343.8"
2/21/2019,"1,331.3"
2/22/2019,"1,329.1"
2/25/2019,"1,331.1"
2/26/2019,"1,325.1"
2/27/2019,"1,322.9"
2/28/2019,"1,319.2"
3/1/2019,"1,312.0"
3/4/2019,"1,285.4"
3/5/2019,"1,283.8"
3/6/2019,"1,285.9"
3/7/2019,"1,285.3"
3/8/2019,"1,296.8"
3/11/2019,"1,292.8"
3/12/2019,"1,297.1"
3/13/2019,"1,307.0"
3/14/2019,"1,295.6"
3/15/2019,"1,303.5"
3/18/2019,"1,305.6"
3/19/2019,"1,307.7"
3/20/2019,"1,303.7"
3/21/2019,"1,309.6"
3/22/2019,"1,311.3"
3/25/2019,"1,319.6"
3/26/2019,"1,316.3"
3/27/2019,"1,309.7"
3/28/2019,"1,295.2"
3/29/2019,"1,295.4"
4/1/2019,"1,293.5"
4/2/2019,"1,290.3"
4/3/2019,"1,290.5"
4/4/2019,"1,283.2"
4/5/2019,"1,288.5"
4/8/2019,"1,300.0"
4/9/2019,"1,303.0"
4/10/2019,"1,305.5"
4/11/2019,"1,298.8"
4/12/2019,"1,294.3"
4/15/2019,"1,285.7"
4/16/2019,"1,276.4"
4/17/2019,"1,275.9"
4/18/2019,"1,275.7"
4/19/2019,"1,275.7"
4/22/2019,"1,275.7"
4/23/2019,"1,269.5"
4/24/2019,"1,271.7"
4/25/2019,"1,280.8"
4/26/2019,"1,284.2"
4/29/2019,"1,279.5"
4/30/2019,"1,282.3"
5/1/2019,"1,283.8"
5/2/2019,"1,271.0"
5/3/2019,"1,278.6"
5/6/2019,"1,278.6"
5/7/2019,"1,281.2"
5/8/2019,"1,285.2"
5/9/2019,"1,286.1"
5/10/2019,"1,287.1"
5/13/2019,"1,295.6"
5/14/2019,"1,298.4"
5/15/2019,"1,299.1"
5/16/2019,"1,291.7"
5/17/2019,"1,280.8"
5/20/2019,"1,276.9"
5/21/2019,"1,271.2"
5/22/2019,"1,273.8"
5/23/2019,"1,283.7"
5/24/2019,"1,282.5"
5/27/2019,"1,282.5"
5/28/2019,"1,278.3"
5/29/2019,"1,281.7"
5/30/2019,"1,281.0"
5/31/2019,"1,295.6"
6/3/2019,"1,317.1"
6/4/2019,"1,324.3"
6/5/2019,"1,335.1"
6/6/2019,"1,335.5"
6/7/2019,"1,340.7"
6/10/2019,"1,328.6"
6/11/2019,"1,324.3"
6/12/2019,"1,332.4"
6/13/2019,"1,335.9"
6/14/2019,"1,351.3"
6/17/2019,"1,341.3"
6/18/2019,"1,341.4"
6/19/2019,"1,344.1"
6/20/2019,"1,379.5"
6/21/2019,"1,397.2"
6/24/2019,"1,405.7"
6/25/2019,"1,431.4"
6/26/2019,"1,404.0"
6/27/2019,"1,402.5"
6/28/2019,"1,409.0"
7/1/2019,"1,390.1"
7/2/2019,"1,391.1"
7/3/2019,"1,413.5"
7/4/2019,"1,414.9"
7/5/2019,"1,388.7"
7/8/2019,"1,400.1"
7/9/2019,"1,391.6"
7/10/2019,"1,408.3"
7/11/2019,"1,413.8"
7/12/2019,"1,407.6"
7/15/2019,"1,412.4"
7/16/2019,"1,409.9"
7/17/2019,"1,410.4"
7/18/2019,"1,417.5"
7/19/2019,"1,439.7"
7/22/2019,"1,427.8"
7/23/2019,"1,425.6"
7/24/2019,"1,427.0"
7/25/2019,"1,416.1"
7/26/2019,"1,420.4"
7/29/2019,"1,419.1"
7/30/2019,"1,425.9"
7/31/2019,"1,427.6"
8/1/2019,"1,406.8"
8/2/2019,"1,441.8"
8/5/2019,"1,465.3"
8/6/2019,"1,465.3"
8/7/2019,"1,506.1"
8/8/2019,"1,495.8"
8/9/2019,"1,497.7"
8/12/2019,"1,504.7"
8/13/2019,"1,498.4"
8/14/2019,"1,513.3"
8/15/2019,"1,515.7"
8/16/2019,"1,515.3"
8/19/2019,"1,496.6"
8/20/2019,"1,504.6"
8/21/2019,"1,503.3"
8/22/2019,"1,502.1"
8/23/2019,"1,503.8"
8/26/2019,"1,503.8"
8/27/2019,"1,533.0"
8/28/2019,"1,537.2"
8/29/2019,"1,540.2"
8/30/2019,"1,528.4"
9/2/2019,"1,526.0"
9/3/2019,"1,537.9"
9/4/2019,"1,546.1"
9/5/2019,"1,529.1"
9/6/2019,"1,523.7"
9/9/2019,"1,509.2"
9/10/2019,"1,498.3"
9/11/2019,"1,490.7"
9/12/2019,"1,515.2"
9/13/2019,"1,503.1"
9/16/2019,"1,497.2"
9/17/2019,"1,502.1"
9/18/2019,"1,503.5"
9/19/2019,"1,500.7"
9/20/2019,"1,501.9"
9/23/2019,"1,522.1"
9/24/2019,"1,520.7"
9/25/2019,"1,528.8"
9/26/2019,"1,506.4"
9/27/2019,"1,489.9"
9/30/2019,"1,485.3"
10/1/2019,"1,473.5"
10/2/2019,"1,492.6"
10/3/2019,"1,517.1"
10/4/2019,"1,499.2"
10/7/2019,"1,501.3"
10/8/2019,"1,505.9"
10/9/2019,"1,507.3"
10/10/2019,"1,494.8"
10/11/2019,"1,479.2"
10/14/2019,"1,490.6"
10/15/2019,"1,487.8"
10/16/2019,"1,485.1"
10/17/2019,"1,492.7"
10/18/2019,"1,490.0"
10/21/2019,"1,491.7"
10/22/2019,"1,485.4"
10/23/2019,"1,494.5"
10/24/2019,"1,496.6"
10/25/2019,"1,513.5"
10/28/2019,"1,492.4"
10/29/2019,"1,486.8"
10/30/2019,"1,492.1"
10/31/2019,"1,511.0"
11/1/2019,"1,508.8"
11/4/2019,"1,509.5"
11/5/2019,"1,489.0"
11/6/2019,"1,486.1"
11/7/2019,"1,484.3"
11/8/2019,"1,464.2"
11/11/2019,"1,458.7"
11/12/2019,"1,452.1"
11/13/2019,"1,462.9"
11/14/2019,"1,466.7"
11/15/2019,"1,466.9"
11/18/2019,"1,467.7"
11/19/2019,"1,468.5"
11/20/2019,"1,471.7"
11/21/2019,"1,467.1"
11/22/2019,"1,464.5"
11/25/2019,"1,458.4"
11/26/2019,"1,454.7"
11/27/2019,"1,454.4"
11/28/2019,"1,454.7"
11/29/2019,"1,460.2"
12/2/2019,"1,461.2"
12/3/2019,"1,477.3"
12/4/2019,"1,475.1"
12/5/2019,"1,476.0"
12/6/2019,"1,459.7"
12/9/2019,"1,461.7"
12/10/2019,"1,465.0"
12/11/2019,"1,466.8"
12/12/2019,"1,467.8"
12/13/2019,"1,466.6"
12/16/2019,"1,477.9"
12/17/2019,"1,475.8"
12/18/2019,"1,474.1"
12/19/2019,"1,476.7"
12/20/2019,"1,479.0"
12/23/2019,"1,482.1"
12/24/2019,"1,482.1"
12/25/2019,"1,482.1"
12/26/2019,"1,482.1"
12/27/2019,"1,511.5"
12/30/2019,"1,514.8"
12/31/2019,"1,514.8"
1/1/2020,"1,514.8"
1/2/2020,"1,527.1"
1/3/2020,"1,548.8"
1/6/2020,"1,573.1"
1/7/2020,"1,567.9"
1/8/2020,"1,572.0"
1/9/2020,"1,550.8"
1/10/2020,"1,553.6"
1/13/2020,"1,549.9"
1/14/2020,"1,545.1"
1/15/2020,"1,549.0"
1/16/2020,"1,554.6"
1/17/2020,"1,557.6"
1/20/2020,"1,560.2"
1/21/2020,"1,551.3"
1/22/2020,"1,556.9"
1/23/2020,"1,562.9"
1/24/2020,"1,564.3"
1/27/2020,"1,580.1"
1/28/2020,"1,574.0"
1/29/2020,"1,573.5"
1/30/2020,"1,578.3"
1/31/2020,"1,584.2"
2/3/2020,"1,574.8"
2/4/2020,"1,558.4"
2/5/2020,"1,553.3"
2/6/2020,"1,563.3"
2/7/2020,"1,572.7"
2/10/2020,"1,573.2"
2/11/2020,"1,570.5"
2/12/2020,"1,563.7"
2/13/2020,"1,575.1"
2/14/2020,"1,581.4"
2/17/2020,"1,580.8"
2/18/2020,"1,589.9"
2/19/2020,"1,604.2"
2/20/2020,"1,619.0"
2/21/2020,"1,643.3"
2/24/2020,"1,671.7"
2/25/2020,"1,650.3"
2/26/2020,"1,634.9"
2/27/2020,"1,652.0"
2/28/2020,"1,609.9"
3/2/2020,"1,599.7"
3/3/2020,"1,615.5"
3/4/2020,"1,641.9"
3/5/2020,"1,659.6"
3/6/2020,"1,683.7"
3/9/2020,"1,672.5"
3/10/2020,"1,655.7"
3/11/2020,"1,653.8"
3/12/2020,"1,570.7"
3/13/2020,"1,562.8"
3/16/2020,"1,487.7"
3/17/2020,"1,536.2"
3/18/2020,"1,498.2"
3/19/2020,"1,474.3"
3/20/2020,"1,494.4"
3/23/2020,"1,525.4"
3/24/2020,"1,605.8"
3/25/2020,"1,605.5"
3/26/2020,"1,634.8"
3/27/2020,"1,617.3"
3/30/2020,"1,618.3"
3/31/2020,"1,609.0"
4/1/2020,"1,576.6"
4/2/2020,"1,616.8"
4/3/2020,"1,613.1"
4/6/2020,"1,648.3"
4/7/2020,"1,649.3"
4/8/2020,"1,647.8"
4/9/2020,"1,680.7"
4/10/2020,"1,680.7"
4/13/2020,"1,680.7"
4/14/2020,"1,741.9"
4/15/2020,"1,718.7"
4/16/2020,"1,729.5"
4/17/2020,"1,692.6"
4/20/2020,"1,686.2"
4/21/2020,"1,682.1"
4/22/2020,"1,710.6"
4/23/2020,"1,736.3"
4/24/2020,"1,715.9"
4/27/2020,"1,715.0"
4/28/2020,"1,691.6"
4/29/2020,"1,703.4"
4/30/2020,"1,702.8"
5/1/2020,"1,686.3"
5/4/2020,"1,709.1"
5/5/2020,"1,699.6"
5/6/2020,"1,691.5"
5/7/2020,"1,704.1"
5/8/2020,"1,704.1"
5/11/2020,"1,702.8"
5/12/2020,"1,702.4"
5/13/2020,"1,708.4"
5/14/2020,"1,731.6"
5/15/2020,"1,735.4"
5/18/2020,"1,734.7"
5/19/2020,"1,738.0"
5/20/2020,"1,748.3"
5/21/2020,"1,724.9"
5/22/2020,"1,733.6"
5/25/2020,"1,733.6"
5/26/2020,"1,720.3"
5/27/2020,"1,694.6"
5/28/2020,"1,717.4"
5/29/2020,"1,728.7"
6/1/2020,"1,730.6"
6/2/2020,"1,742.2"
6/3/2020,"1,705.4"
6/4/2020,"1,700.1"
6/5/2020,"1,683.5"
6/8/2020,"1,690.4"
6/9/2020,"1,713.5"
6/10/2020,"1,722.1"
6/11/2020,"1,738.3"
6/12/2020,"1,733.5"
6/15/2020,"1,710.5"
6/16/2020,"1,719.9"
6/17/2020,"1,724.4"
6/18/2020,"1,719.5"
6/19/2020,"1,734.8"
6/22/2020,"1,761.9"
6/23/2020,"1,768.9"
6/24/2020,"1,766.1"
6/25/2020,"1,756.6"
6/26/2020,"1,747.6"
6/29/2020,"1,771.6"
6/30/2020,"1,768.1"
7/1/2020,"1,771.1"
7/2/2020,"1,777.5"
7/3/2020,"1,772.9"
7/6/2020,"1,787.9"
7/7/2020,"1,789.6"
7/8/2020,"1,811.1"
7/9/2020,"1,812.1"
7/10/2020,"1,803.1"
7/13/2020,"1,807.5"
7/14/2020,"1,801.9"
7/15/2020,"1,804.6"
7/16/2020,"1,807.7"
7/17/2020,"1,807.4"
7/20/2020,"1,815.7"
7/21/2020,"1,842.6"
7/22/2020,"1,852.4"
7/23/2020,"1,878.3"
7/24/2020,"1,902.1"
7/27/2020,"1,936.7"
7/28/2020,"1,940.9"
7/29/2020,"1,950.9"
7/30/2020,"1,957.7"
7/31/2020,"1,964.9"
8/3/2020,"1,958.6"
8/4/2020,"1,977.9"
8/5/2020,"2,048.2"
8/6/2020,"2,067.2"
8/7/2020,"2,031.2"
8/10/2020,"2,044.5"
8/11/2020,"1,939.7"
8/12/2020,"1,931.9"
8/13/2020,"1,944.3"
8/14/2020,"1,944.8"
8/17/2020,"1,972.9"
8/18/2020,"2,008.8"
8/19/2020,"1,981.0"
8/20/2020,"1,927.2"
8/21/2020,"1,924.4"
8/24/2020,"1,944.0"
8/25/2020,"1,911.2"
8/26/2020,"1,933.0"
8/27/2020,"1,923.9"
8/28/2020,"1,957.4"
8/31/2020,"1,957.4"
9/1/2020,"1,972.4"
9/2/2020,"1,947.1"
9/3/2020,"1,940.5"
9/4/2020,"1,926.3"
9/7/2020,"1,928.5"
9/8/2020,"1,911.0"
9/9/2020,"1,947.2"
9/10/2020,"1,966.3"
9/11/2020,"1,947.4"
9/14/2020,"1,958.7"
9/15/2020,"1,949.4"
9/16/2020,"1,961.8"
9/17/2020,"1,936.3"
9/18/2020,"1,950.9"
9/21/2020,"1,909.4"
9/22/2020,"1,906.0"
9/23/2020,"1,873.4"
9/24/2020,"1,861.8"
9/25/2020,"1,859.7"
9/28/2020,"1,864.3"
9/29/2020,"1,884.0"
9/30/2020,"1,886.9"
10/1/2020,"1,902.0"
10/2/2020,"1,903.1"
10/5/2020,"1,909.6"
10/6/2020,"1,913.4"
10/7/2020,"1,884.5"
10/8/2020,"1,887.5"
10/9/2020,"1,923.3"
10/12/2020,"1,925.5"
10/13/2020,"1,891.3"
10/14/2020,"1,910.1"
10/15/2020,"1,891.9"
10/16/2020,"1,905.1"
10/19/2020,"1,905.6"
10/20/2020,"1,898.4"
10/21/2020,"1,924.2"
10/22/2020,"1,901.0"
10/23/2020,"1,903.7"
10/26/2020,"1,898.5"
10/27/2020,"1,905.7"
10/28/2020,"1,870.0"
10/29/2020,"1,870.3"
10/30/2020,"1,881.9"
11/2/2020,"1,889.9"
11/3/2020,"1,908.3"
11/4/2020,"1,900.2"
11/5/2020,"1,938.5"
11/6/2020,"1,940.8"
11/9/2020,"1,867.3"
11/10/2020,"1,878.7"
11/11/2020,"1,861.0"
11/12/2020,"1,874.9"
11/13/2020,"1,890.9"
11/16/2020,"1,885.6"
11/17/2020,"1,889.1"
11/18/2020,"1,876.1"
11/19/2020,"1,857.4"
11/20/2020,"1,875.7"
11/23/2020,"1,840.2"
11/24/2020,"1,799.6"
11/25/2020,"1,810.2"
11/26/2020,"1,807.4"
11/27/2020,"1,779.3"
11/30/2020,"1,762.6"
12/1/2020,"1,810.8"
12/2/2020,"1,822.6"
12/3/2020,"1,832.4"
12/4/2020,"1,843.0"
12/7/2020,"1,860.0"
12/8/2020,"1,868.2"
12/9/2020,"1,841.8"
12/10/2020,"1,844.4"
12/11/2020,"1,842.0"
12/14/2020,"1,831.2"
12/15/2020,"1,850.7"
12/16/2020,"1,852.0"
12/17/2020,"1,890.8"
12/18/2020,"1,879.8"
12/21/2020,"1,880.0"
12/22/2020,"1,877.1"
12/23/2020,"1,875.0"
12/24/2020,"1,875.0"
12/25/2020,"1,875.0"
12/28/2020,"1,875.0"
12/29/2020,"1,874.3"
12/30/2020,"1,887.6"
12/31/2020,"1,887.6"
1/1/2021,"1,887.6"
1/4/2021,"1,943.2"
1/5/2021,"1,940.4"
1/6/2021,"1,932.0"
1/7/2021,"1,920.1"
1/8/2021,"1,862.9"
1/11/2021,"1,847.3"
1/12/2021,"1,841.3"
1/13/2021,"1,858.9"
1/14/2021,"1,841.8"
1/15/2021,"1,839.0"
1/18/2021,"1,833.1"
1/19/2021,"1,834.7"
1/20/2021,"1,856.6"
1/21/2021,"1,862.1"
1/22/2021,"1,852.7"
1/25/2021,"1,856.9"
1/26/2021,"1,856.6"
1/27/2021,"1,843.0"
1/28/2021,"1,853.7"
1/29/2021,"1,863.8"
2/1/2021,"1,863.0"
2/2/2021,"1,833.1"
2/3/2021,"1,835.5"
2/4/2021,"1,785.9"
2/5/2021,"1,803.0"
2/8/2021,"1,835.3"
2/9/2021,"1,839.6"
2/10/2021,"1,842.7"
2/11/2021,"1,840.1"
2/12/2021,"1,816.4"
2/15/2021,"1,817.3"
2/16/2021,"1,794.3"
2/17/2021,"1,780.7"
2/18/2021,"1,773.2"
2/19/2021,"1,786.2"
2/22/2021,"1,807.5"
2/23/2021,"1,799.7"
2/24/2021,"1,788.0"
2/25/2021,"1,779.7"
2/26/2021,"1,742.9"
3/1/2021,"1,734.2"
3/2/2021,"1,723.9"
3/3/2021,"1,711.4"
3/4/2021,"1,712.1"
3/5/2021,"1,696.3"
3/8/2021,"1,687.1"
3/9/2021,"1,716.9"
3/10/2021,"1,716.2"
3/11/2021,"1,724.3"
3/12/2021,"1,704.8"
3/15/2021,"1,723.7"
3/16/2021,"1,735.0"
3/17/2021,"1,729.7"
3/18/2021,"1,725.9"
3/19/2021,"1,735.2"
3/22/2021,"1,736.2"
3/23/2021,"1,726.2"
3/24/2021,"1,730.5"
3/25/2021,"1,737.3"
3/26/2021,"1,731.8"
3/29/2021,"1,706.0"
3/30/2021,"1,684.0"
3/31/2021,"1,691.1"
4/1/2021,"1,726.1"
4/2/2021,"1,726.1"
4/5/2021,"1,726.1"
4/6/2021,"1,744.7"
4/7/2021,"1,738.1"
4/8/2021,"1,755.5"
4/9/2021,"1,741.2"
4/12/2021,"1,732.9"
4/13/2021,"1,748.0"
4/14/2021,"1,735.6"
4/15/2021,"1,757.2"
4/16/2021,"1,774.5"
4/19/2021,"1,774.5"
4/20/2021,"1,777.9"
4/21/2021,"1,798.2"
4/22/2021,"1,787.8"
4/23/2021,"1,781.8"
4/26/2021,"1,773.4"
4/27/2021,"1,784.2"
4/28/2021,"1,772.2"
4/29/2021,"1,762.7"
4/30/2021,"1,767.7"
5/3/2021,"1,767.7"
5/4/2021,"1,797.8"
5/5/2021,"1,782.3"
5/6/2021,"1,813.2"
5/7/2021,"1,836.6"
5/10/2021,"1,840.5"
5/11/2021,"1,829.1"
5/12/2021,"1,830.7"
5/13/2021,"1,821.8"
5/14/2021,"1,838.1"
5/17/2021,"1,853.7"
5/18/2021,"1,866.8"
5/19/2021,"1,888.5"
5/20/2021,"1,878.3"
5/21/2021,"1,875.9"
5/24/2021,"1,880.2"
5/25/2021,"1,887.0"
5/26/2021,"1,899.8"
5/27/2021,"1,891.5"
5/28/2021,"1,900.0"
5/31/2021,"1,900.0"
6/1/2021,"1,899.4"
6/2/2021,"1,902.8"
6/3/2021,"1,866.6"
6/4/2021,"1,890.6"
6/7/2021,"1,888.4"
6/8/2021,"1,893.2"
6/9/2021,"1,894.6"
6/10/2021,"1,888.7"
6/11/2021,"1,881.1"
6/14/2021,"1,865.6"
6/15/2021,"1,865.1"
6/16/2021,"1,860.8"
6/17/2021,"1,778.7"
6/18/2021,"1,773.1"
6/21/2021,"1,775.1"
6/22/2021,"1,775.1"
6/23/2021,"1,791.6"
6/24/2021,"1,784.9"
6/25/2021,"1,786.7"
6/28/2021,"1,780.3"
6/29/2021,"1,755.5"
6/30/2021,"1,763.2"
7/1/2021,"1,781.5"
7/2/2021,"1,786.2"
7/5/2021,"1,791.4"
7/6/2021,"1,809.9"
7/7/2021,"1,804.7"
7/8/2021,"1,807.7"
7/9/2021,"1,806.0"
7/12/2021,"1,792.4"
7/13/2021,"1,813.9"
7/14/2021,"1,823.2"
7/15/2021,"1,823.8"
7/16/2021,"1,824.3"
7/19/2021,"1,814.9"
7/20/2021,"1,823.1"
7/21/2021,"1,802.2"
7/22/2021,"1,799.5"
7/23/2021,"1,799.6"
7/26/2021,"1,800.2"
7/27/2021,"1,800.4"
7/28/2021,"1,796.6"
7/29/2021,"1,829.3"
7/30/2021,"1,825.8"
8/2/2021,"1,811.5"
8/3/2021,"1,812.7"
8/4/2021,"1,829.1"
8/5/2021,"1,800.8"
8/6/2021,"1,762.9"
8/9/2021,"1,738.9"
8/10/2021,"1,723.4"
8/11/2021,"1,743.6"
8/12/2021,"1,747.4"
8/13/2021,"1,773.9"
8/16/2021,"1,786.4"
8/17/2021,"1,789.5"
8/18/2021,"1,783.5"
8/19/2021,"1,782.1"
8/20/2021,"1,779.1"
8/23/2021,"1,802.0"
8/24/2021,"1,808.5"
8/25/2021,"1,788.7"
8/26/2021,"1,786.6"
8/27/2021,"1,798.5"
8/30/2021,"1,798.5"
8/31/2021,"1,814.9"
9/1/2021,"1,811.8"
9/2/2021,"1,812.6"
9/3/2021,"1,823.7"
9/6/2021,"1,821.6"
9/7/2021,"1,802.2"
9/8/2021,"1,786.0"
9/9/2021,"1,788.3"
9/10/2021,"1,794.6"
9/13/2021,"1,793.9"
9/14/2021,"1,792.8"
9/15/2021,"1,797.0"
9/16/2021,"1,748.0"
9/17/2021,"1,756.0"
9/20/2021,"1,757.8"
9/21/2021,"1,774.5"
9/22/2021,"1,773.4"
9/23/2021,"1,750.0"
9/24/2021,"1,746.8"
9/27/2021,"1,755.3"
9/28/2021,"1,733.8"
9/29/2021,"1,737.2"
9/30/2021,"1,742.8"
10/1/2021,"1,757.1"
10/4/2021,"1,754.6"
10/5/2021,"1,753.2"
10/6/2021,"1,759.7"
10/7/2021,"1,762.1"
10/8/2021,"1,773.3"
10/11/2021,"1,757.7"
10/12/2021,"1,767.8"
10/13/2021,"1,785.7"
10/14/2021,"1,798.7"
10/15/2021,"1,772.7"
10/18/2021,"1,767.9"
10/19/2021,"1,779.6"
10/20/2021,"1,778.0"
10/21/2021,"1,779.3"
10/22/2021,"1,808.3"
10/25/2021,"1,805.3"
10/26/2021,"1,785.6"
10/27/2021,"1,795.3"
10/28/2021,"1,803.5"
10/29/2021,"1,769.2"
11/1/2021,"1,793.8"
11/2/2021,"1,790.5"
11/3/2021,"1,763.5"
11/4/2021,"1,796.2"
11/5/2021,"1,801.9"
11/8/2021,"1,822.4"
11/9/2021,"1,827.3"
11/10/2021,"1,859.4"
11/11/2021,"1,857.9"
11/12/2021,"1,860.6"
11/15/2021,"1,859.9"
11/16/2021,"1,859.2"
11/17/2021,"1,864.9"
11/18/2021,"1,860.3"
11/19/2021,"1,861.1"
11/22/2021,"1,816.1"
11/23/2021,"1,789.2"
11/24/2021,"1,782.1"
11/25/2021,"1,788.2"
11/26/2021,"1,800.8"
11/29/2021,"1,786.0"
11/30/2021,"1,804.4"
12/1/2021,"1,789.3"
12/2/2021,"1,765.0"
12/3/2021,"1,767.6"
12/6/2021,"1,778.7"
12/7/2021,"1,781.4"
12/8/2021,"1,783.8"
12/9/2021,"1,776.2"
12/10/2021,"1,779.8"
12/13/2021,"1,787.8"
12/14/2021,"1,776.9"
12/15/2021,"1,768.7"
12/16/2021,"1,795.7"
12/17/2021,"1,807.7"
12/20/2021,"1,796.3"
12/21/2021,"1,793.8"
12/22/2021,"1,792.8"
12/23/2021,"1,805.2"
12/24/2021,"1,805.2"
12/27/2021,"1,805.2"
12/28/2021,"1,805.2"
12/29/2021,"1,794.3"
12/30/2021,"1,805.9"
12/31/2021,"1,805.9"
1/3/2022,"1,805.9"
1/4/2022,"1,811.4"
1/5/2022,"1,826.3"
1/6/2022,"1,789.4"
1/7/2022,"1,792.6"
1/10/2022,"1,794.2"
1/11/2022,"1,806.8"
1/12/2022,"1,821.4"
1/13/2022,"1,820.4"
1/14/2022,"1,823.0"
1/17/2022,"1,817.9"
1/18/2022,"1,817.3"
1/19/2022,"1,827.0"
1/20/2022,"1,845.4"
1/21/2022,"1,837.6"
1/24/2022,"1,831.6"
1/25/2022,"1,847.3"
1/26/2022,"1,836.0"
1/27/2022,"1,806.8"
1/28/2022,"1,788.2"
1/31/2022,"1,795.3"
2/1/2022,"1,799.9"
2/2/2022,"1,803.7"
2/3/2022,"1,792.7"
2/4/2022,"1,804.7"
2/7/2022,"1,813.6"
2/8/2022,"1,822.6"
2/9/2022,"1,827.8"
2/10/2022,"1,835.4"
2/11/2022,"1,831.2"
2/14/2022,"1,866.2"
2/15/2022,"1,848.6"
2/16/2022,"1,862.6"
2/17/2022,"1,893.5"
2/18/2022,"1,893.6"
2/21/2022,"1,894.5"
2/22/2022,"1,900.1"
2/23/2022,"1,904.7"
2/24/2022,"1,936.3"
2/25/2022,"1,884.8"
2/28/2022,"1,909.9"
3/1/2022,"1,922.0"
3/2/2022,"1,928.5"
3/3/2022,"1,929.6"
3/4/2022,"1,945.3"
3/7/2022,"1,981.0"
3/8/2022,"2,039.1"
3/9/2022,"1,988.9"
3/10/2022,"1,996.6"
3/11/2022,"1,978.7"
3/14/2022,"1,954.1"
3/15/2022,"1,913.7"
3/16/2022,"1,913.2"
3/17/2022,"1,949.7"
3/18/2022,"1,935.8"
3/21/2022,"1,935.1"
3/22/2022,"1,915.3"
3/23/2022,"1,931.8"
3/24/2022,"1,965.2"
3/25/2022,"1,953.8"
3/28/2022,"1,937.1"
3/29/2022,"1,910.0"
3/30/2022,"1,933.9"
3/31/2022,"1,942.2"
4/1/2022,"1,929.4"
4/4/2022,"1,930.3"
4/5/2022,"1,944.1"
4/6/2022,"1,930.2"
4/7/2022,"1,932.4"
4/8/2022,"1,941.4"
4/11/2022,"1,951.6"
4/12/2022,"1,960.9"
4/13/2022,"1,976.8"
4/14/2022,"1,963.3"
4/15/2022,"1,963.3"
4/18/2022,"1,963.3"
4/19/2022,"1,964.0"
4/20/2022,"1,949.6"
4/21/2022,"1,943.7"
4/22/2022,"1,941.6"
4/25/2022,"1,895.0"
4/26/2022,"1,904.6"
4/27/2022,"1,885.8"
4/28/2022,"1,888.5"
4/29/2022,"1,911.3"
5/2/2022,"1,911.3"
5/3/2022,"1,869.7"
5/4/2022,"1,863.7"
5/5/2022,"1,892.3"
5/6/2022,"1,882.4"
5/9/2022,"1,860.9"
5/10/2022,"1,857.4"
5/11/2022,"1,852.0"
5/12/2022,"1,837.1"
5/13/2022,"1,811.6"
5/16/2022,"1,809.5"
5/17/2022,"1,825.0"
5/18/2022,"1,810.7"
5/19/2022,"1,844.0"
5/20/2022,"1,834.2"
5/23/2022,"1,856.2"
5/24/2022,"1,867.1"
5/25/2022,"1,847.2"
5/26/2022,"1,848.3"
5/27/2022,"1,851.8"
5/30/2022,"1,855.0"
5/31/2022,"1,838.7"
6/1/2022,"1,844.9"
6/2/2022,"1,844.9"
6/3/2022,"1,844.9"
6/6/2022,"1,847.2"
6/7/2022,"1,849.6"
6/8/2022,"1,853.0"
6/9/2022,"1,844.9"
6/10/2022,"1,830.0"
6/13/2022,"1,830.9"
6/14/2022,"1,818.3"
6/15/2022,"1,823.8"
6/16/2022,"1,826.5"
6/17/2022,"1,841.6"
6/20/2022,"1,836.5"
6/21/2022,"1,840.3"
6/22/2022,"1,841.9"
6/23/2022,"1,841.9"
6/24/2022,"1,825.5"
6/27/2022,"1,826.3"
6/28/2022,"1,819.1"
6/29/2022,"1,817.8"
6/30/2022,"1,817.0"
7/1/2022,"1,797.5"
7/4/2022,"1,808.4"
7/5/2022,"1,772.0"
7/6/2022,"1,754.3"
7/7/2022,"1,748.0"
7/8/2022,"1,738.2"
7/11/2022,"1,740.0"
7/12/2022,"1,730.7"
7/13/2022,"1,724.6"
7/14/2022,"1,700.7"
7/15/2022,"1,706.2"
7/18/2022,"1,719.1"
7/19/2022,"1,713.1"
7/20/2022,"1,709.3"
7/21/2022,"1,705.1"
7/22/2022,"1,737.0"
7/25/2022,"1,718.9"
7/26/2022,"1,720.1"
7/27/2022,"1,714.1"
7/28/2022,"1,753.5"
7/29/2022,"1,753.4"
8/1/2022,"1,772.4"
8/2/2022,"1,779.8"
8/3/2022,"1,761.3"
8/4/2022,"1,783.2"
8/5/2022,"1,773.3"
8/8/2022,"1,784.1"
8/9/2022,"1,795.3"
8/10/2022,"1,795.1"
8/11/2022,"1,796.7"
8/12/2022,"1,792.1"
8/15/2022,"1,776.6"
8/16/2022,"1,774.9"
8/17/2022,"1,767.2"
8/18/2022,"1,765.6"
8/19/2022,"1,750.8"
8/22/2022,"1,733.3"
8/23/2022,"1,746.6"
8/24/2022,"1,745.7"
8/25/2022,"1,753.6"
8/26/2022,"1,751.3"
8/29/2022,"1,751.3"
8/30/2022,"1,730.3"
8/31/2022,"1,715.9"
9/1/2022,"1,694.3"
9/2/2022,"1,712.5"
9/5/2022,"1,711.0"
9/6/2022,"1,702.6"
9/7/2022,"1,702.7"
9/8/2022,"1,709.4"
9/9/2022,"1,713.4"
9/12/2022,"1,726.4"
9/13/2022,"1,704.9"
9/14/2022,"1,703.9"
9/15/2022,"1,689.1"
9/16/2022,"1,664.7"
9/19/2022,"1,664.7"
9/20/2022,"1,664.2"
9/21/2022,"1,671.8"
9/22/2022,"1,671.9"
9/23/2022,"1,643.6"
9/26/2022,"1,643.4"
9/27/2022,"1,634.3"
9/28/2022,"1,652.2"
9/29/2022,"1,654.8"
9/30/2022,"1,671.8"
10/3/2022,"1,668.4"
10/4/2022,"1,714.9"
10/5/2022,"1,700.5"
10/6/2022,"1,714.2"
10/7/2022,"1,696.2"
10/10/2022,"1,676.6"
10/11/2022,"1,664.7"
10/12/2022,"1,670.7"
10/13/2022,"1,648.1"
10/14/2022,"1,649.3"
10/17/2022,"1,664.8"
10/18/2022,"1,653.0"
10/19/2022,"1,631.7"
10/20/2022,"1,635.3"
10/21/2022,"1,643.3"
10/24/2022,"1,649.2"
10/25/2022,"1,659.3"
10/26/2022,"1,666.8"
10/27/2022,"1,659.8"
10/28/2022,"1,648.1"
10/31/2022,"1,639.0"
11/1/2022,"1,645.3"
11/2/2022,"1,649.6"
11/3/2022,"1,628.8"
11/4/2022,"1,674.4"
11/7/2022,"1,679.0"
11/8/2022,"1,678.7"
11/9/2022,"1,715.3"
11/10/2022,"1,744.8"
11/11/2022,"1,759.4"
11/14/2022,"1,768.9"
11/15/2022,"1,771.4"
11/16/2022,"1,773.0"
11/17/2022,"1,758.6"
11/18/2022,"1,751.6"
11/21/2022,"1,740.4"
11/22/2022,"1,743.0"
11/23/2022,"1,740.2"
11/24/2022,"1,755.4"
11/25/2022,"1,751.9"
11/28/2022,"1,746.6"
11/29/2022,"1,752.7"
11/30/2022,"1,753.5"
12/1/2022,"1,803.2"
12/2/2022,"1,784.8"
12/5/2022,"1,776.8"
12/6/2022,"1,773.8"
12/7/2022,"1,782.2"
12/8/2022,"1,790.2"
12/9/2022,"1,796.2"
12/12/2022,"1,786.6"
12/13/2022,"1,823.6"
12/14/2022,"1,808.1"
12/15/2022,"1,783.6"
12/16/2022,"1,792.6"
12/19/2022,"1,790.8"
12/20/2022,"1,813.9"
12/21/2022,"1,817.6"
12/22/2022,"1,800.7"
12/23/2022,"1,800.7"
12/26/2022,"1,800.7"
12/27/2022,"1,800.7"
12/28/2022,"1,803.4"
12/29/2022,"1,813.8"
12/30/2022,"1,813.8"
1/2/2023,"1,813.8"
1/3/2023,"1,843.3"
1/4/2023,"1,857.3"
1/5/2023,"1,834.0"
1/6/2023,"1,852.2"
1/9/2023,"1,878.9"
1/10/2023,"1,878.7"
1/11/2023,"1,872.4"
1/12/2023,"1,882.6"
1/13/2023,"1,907.2"
1/16/2023,"1,917.0"
1/17/2023,"1,913.8"
1/18/2023,"1,920.7"
1/19/2023,"1,918.6"
1/20/2023,"1,924.9"
1/23/2023,"1,914.9"
1/24/2023,"1,920.8"
1/25/2023,"1,930.8"
1/26/2023,"1,932.5"
1/27/2023,"1,923.1"
1/30/2023,"1,924.1"
1/31/2023,"1,923.9"
2/1/2023,"1,925.9"
2/2/2023,"1,921.7"
2/3/2023,"1,875.4"
2/6/2023,"1,873.3"
2/7/2023,"1,870.7"
2/8/2023,"1,872.7"
2/9/2023,"1,879.1"
2/10/2023,"1,859.7"
2/13/2023,"1,856.1"
2/14/2023,"1,863.7"
2/15/2023,"1,831.2"
2/16/2023,"1,829.0"
2/17/2023,"1,834.0"
2/20/2023,"1,845.8"
2/21/2023,"1,836.9"
2/22/2023,"1,835.8"
2/23/2023,"1,826.1"
2/24/2023,"1,811.0"
2/27/2023,"1,818.7"
2/28/2023,"1,824.6"
3/1/2023,"1,841.3"
3/2/2023,"1,836.2"
3/3/2023,"1,841.2"
3/6/2023,"1,849.1"
3/7/2023,"1,826.6"
3/8/2023,"1,816.3"
3/9/2023,"1,831.4"
3/10/2023,"1,861.3"
3/13/2023,"1,911.3"
3/14/2023,"1,907.6"
3/15/2023,"1,923.4"
3/16/2023,"1,922.8"
3/17/2023,"1,962.1"
3/20/2023,"1,969.4"
3/21/2023,"1,952.5"
3/22/2023,"1,949.4"
3/23/2023,"1,978.0"
3/24/2023,"1,993.8"
3/27/2023,"1,946.3"
3/28/2023,"1,962.9"
3/29/2023,"1,965.0"
3/30/2023,"1,965.8"
3/31/2023,"1,979.7"
4/3/2023,"1,983.3"
4/4/2023,"2,009.6"
4/5/2023,"2,030.9"
4/6/2023,"2,001.9"
4/7/2023,"2,001.9"
4/10/2023,"2,001.9"
4/11/2023,"2,002.7"
4/12/2023,"2,008.2"
4/13/2023,"2,048.5"
4/14/2023,"2,019.4"
4/17/2023,"1,995.6"
4/18/2023,"1,999.4"
4/19/2023,"1,990.6"
4/20/2023,"2,007.2"
4/21/2023,"1,973.7"
4/24/2023,"1,978.2"
4/25/2023,"1,987.4"
4/26/2023,"2,003.0"
4/27/2023,"1,985.7"
4/28/2023,"1,982.6"
5/1/2023,"1,982.6"
5/2/2023,"1,995.4"
5/3/2023,"2,014.3"
5/4/2023,"2,044.7"
5/5/2023,"2,001.0"
5/8/2023,"2,001.0"
5/9/2023,"2,030.2"
5/10/2023,"2,037.2"
5/11/2023,"2,016.0"
5/12/2023,"2,019.9"
5/15/2023,"2,019.9"
5/16/2023,"2,007.5"
5/17/2023,"1,974.4"
5/18/2023,"1,960.3"
5/19/2023,"1,961.6"
5/22/2023,"1,970.3"
5/23/2023,"1,969.2"
5/24/2023,"1,969.7"
5/25/2023,"1,948.3"
5/26/2023,"1,947.9"
5/29/2023,"1,947.9"
5/30/2023,"1,952.5"
5/31/2023,"1,964.4"
6/1/2023,"1,974.4"
6/2/2023,"1,963.3"
6/5/2023,"1,959.7"
6/6/2023,"1,957.3"
6/7/2023,"1,967.4"
6/8/2023,"1,966.4"
6/9/2023,"1,960.3"
6/12/2023,"1,952.9"
6/13/2023,"1,954.4"
6/14/2023,"1,955.8"
6/15/2023,"1,952.4"
6/16/2023,"1,959.8"
6/19/2023,"1,951.2"
6/20/2023,"1,930.5"
6/21/2023,"1,925.7"
6/22/2023,"1,920.1"
6/23/2023,"1,930.7"
6/26/2023,"1,922.9"
6/27/2023,"1,918.9"
6/28/2023,"1,908.4"
6/29/2023,"1,899.6"
6/30/2023,"1,912.3"
7/3/2023,"1,928.8"
7/4/2023,"1,927.8"
7/5/2023,"1,924.7"
7/6/2023,"1,908.8"
7/7/2023,"1,922.3"
7/10/2023,"1,922.8"
7/11/2023,"1,934.0"
7/12/2023,"1,953.3"
7/13/2023,"1,958.1"
7/14/2023,"1,953.7"
7/17/2023,"1,949.6"
7/18/2023,"1,975.0"
7/19/2023,"1,975.4"
7/20/2023,"1,976.1"
7/21/2023,"1,960.6"
7/24/2023,"1,960.0"
7/25/2023,"1,958.7"
7/26/2023,"1,966.3"
7/27/2023,"1,945.4"
7/28/2023,"1,954.3"
7/31/2023,"1,970.7"
8/1/2023,"1,947.2"
8/2/2023,"1,944.2"
8/3/2023,"1,935.7"
8/4/2023,"1,942.5"
8/7/2023,"1,931.7"
8/8/2023,"1,926.4"
8/9/2023,"1,922.8"
8/10/2023,"1,920.9"
8/11/2023,"1,915.8"
8/14/2023,"1,903.8"
8/15/2023,"1,903.9"
8/16/2023,"1,904.2"
8/17/2023,"1,896.4"
8/18/2023,"1,893.7"
8/21/2023,"1,889.9"
8/22/2023,"1,892.8"
8/23/2023,"1,916.7"
8/24/2023,"1,917.1"
8/25/2023,"1,915.5"
8/28/2023,"1,915.5"
8/29/2023,"1,930.0"
8/30/2023,"1,947.6"
8/31/2023,"1,942.3"